question_id,question_text,response_type,options
DWELL_01,Which of these best describes your home? Please select one option.,single_choice,STANDALONE_1: Stand-alone house - single storey | STANDALONE_2P: Stand-alone house - two or more storeys | TERRACED_JOINED: Terraced house / joined unit | FLAT_CONVERTED: Flat in converted house | APARTMENT_PURPOSE_BUILT: Apartment / flat in purpose-built block | APARTMENT_COMMERCIAL_BUILDING: Apartment / flat in commercial building (e.g. building shared with offices or a shop) | OTHER: Other
DWELL_02,How many rooms are there in your house or flat? Please enter the number of each type of room present.,numeric,BEDROOMS: Bedrooms | OPEN_PLAN_KITCHEN_DINING_LIVING: Open plan kitchen/dining - living | SEPARATE_LIVING_ROOM: Separate Living room/ lounge/ family room | SEPARATE_KITCHEN: Separate Kitchen | SEPARATE_DINING_ROOM: Separate Dining room | BATHROOMS: Bathrooms (with bath/shower) | SEPARATE_LAUNDRY: Separate laundry room | OFFICE_STUDY_HOBBY_OTHER: Office/ study/ hobby/other rooms | ATTACHED_GARAGE: Attached garage | DETACHED_GARAGE: Detached garage | SLEEPOUT: Sleepout (used for living/sleeping)
DWELL_03,When was your house or flat built? Please enter an approximate year/decade if you are unsure.,free_text,
DWELL_04,What is the approximate floor area of your house or flat? Please select one option.,single_choice,LT_100: Less than 100m2 (typical 1-2 bed) | AREA_100_149: 100 - 149m2 | AREA_150_199: 150 - 199m2 (typical 3-4 bed) | AREA_200_249: 200 - 249m2 | AREA_250_299: 250 - 299m2 (typical 5-6 bed) | GTE_300: 300m2 or larger
DWELL_05,Does your house or flat have insulation in the roof space? Please select one option.,single_choice,YES: Yes | NO: No | NOT_APPLICABLE: Not applicable (e.g. another dwelling above) | UNSURE: Unsure
DWELL_06,Does your house or flat have insulation in the subfloor? Please select one option.,single_choice,YES: Yes | NO: No | NO_SUBFLOOR: No subfloor (concrete slab on ground) | NOT_APPLICABLE: Not applicable (e.g. another dwelling below) | UNSURE: Unsure
DWELL_07,Are the walls of your house or flat insulated? Please select one option.,single_choice,YES: Yes | NO: No | UNSURE: Unsure
DWELL_08,Are the windows single- or double-glazed? Please select one option.,single_choice,"ALL_DOUBLE: All double-glazed (or better) | MIXED: Some double-glazed, some single-glazed | ALL_SINGLE: All single-glazed | UNSURE: Unsure"
DWELL_09,Do you have any of the following? Please select as many as apply.,multi_choice,HEATED_POOL: A heated pool | SPA_POOL: A spa pool/hot tub | SAUNA: A sauna | NONE: None of these
DWELL_10,Which types of energy are used in your home? Please select as many as apply.,multi_choice,ELECTRICITY: Electricity | NATURAL_GAS: Natural gas (mains gas piped to the house) | LPG: LPG (bottled gas) | WOOD_SOLID_FUEL: Wood / solid fuel | SELF_GENERATED: Self-generated (e.g. solar panels) | OTHER: Other | UNSURE: Unsure
HH_11,Do you own or rent the house or flat where you live? Please select one option.,single_choice,OWN: Own | RENT: Rent
HH_12,If you rent your home: Who owns this dwelling? Please select one option.,single_choice,"PRIVATE_PERSON: Private person | PRIVATE_TRUST: Private trust | LOCAL_AUTHORITY_COUNCIL: Local authority or council | KAINGA_ORA: Kāinga Ora (Housing New Zealand) | OTHER_STATE_OWNED_ENTITY: Other state-owned corporation, state-owned enterprise or government department | BUSINESS_OR_ORGANISATION: Business or other organisation | OTHER: Other"
HH_13,How many people are usually resident in your house or flat? Please enter a number for adults and children usually resident.,numeric,ADULTS_18_PLUS: Adults (aged 18 or over) | CHILDREN_UNDER_18: Children (aged under 18)
HH_COMP_14,Has the number of people in the house changed in the past two years? Please select one option.,single_choice,YES: Yes | NO: No
HH_COMP_15,"Describe the change in household numbers (before, after, and when the change happened).",free_text,
HW_16,What type of hot water system(s) do you have? Please select as many as apply.,multi_choice,CYLINDER_ELECTRIC: Cylinder - electric | CYLINDER_HEAT_PUMP: Cylinder - heat pump | CYLINDER_NATURAL_GAS: Cylinder - natural gas | CYLINDER_LPG: Cylinder - LPG | INSTANT_ELECTRIC: Instantaneous - electric | INSTANT_NATURAL_GAS: Instantaneous - natural gas | INSTANT_LPG: Instantaneous - LPG | WETBACK: Wetback | SOLAR_WATER_HEATING: Solar water heating | OTHER: Other | NO_SYSTEM: No hot water supply/system | UNSURE: Unsure
HEAT_17,How often do you usually heat your main living area in winter? Please select one option.,single_choice,EVERY_DAY: Every day | MOST_DAYS: Most days | SOME_DAYS: Some days | HARDLY_EVER: Hardly ever | NEVER: Never
HEAT_18,What appliance(s) do you use to heat your main living area? Please select all that apply.,multi_choice,HEAT_PUMP: Heat pump | ENCLOSED_WOOD_BURNER: Enclosed wood burner | PELLET_BURNER: Pellet burner | OPEN_FIRE: Open fire | FIXED_ELECTRIC_HEATER: Fixed electric heater | FIXED_GAS_HEATER: Fixed gas heater | PORTABLE_ELECTRIC_HEATER: Portable electric heater | PORTABLE_GAS_HEATER: Portable gas heater | CENTRAL_HEATING: Central heating | DUCTED_HEAT_PUMP: Ducted heat pump | UNDERFLOOR_HEATING: Underfloor heating | OTHER: Other | UNSURE: Unsure
HEAT_19,How often do you usually heat your bedroom in winter? Please select one option.,single_choice,EVERY_DAY: Every day | MOST_DAYS: Most days | SOME_DAYS: Some days | HARDLY_EVER: Hardly ever | NEVER: Never
HEAT_20,What appliance(s) do you use to heat your bedroom? Please select all that apply.,multi_choice,HEAT_PUMP: Heat pump | ENCLOSED_WOOD_BURNER: Enclosed wood burner | PELLET_BURNER: Pellet burner | OPEN_FIRE: Open fire | FIXED_ELECTRIC_HEATER: Fixed electric heater | FIXED_GAS_HEATER: Fixed gas heater | PORTABLE_ELECTRIC_HEATER: Portable electric heater | PORTABLE_GAS_HEATER: Portable gas heater | CENTRAL_HEATING: Central heating | DUCTED_HEAT_PUMP: Ducted heat pump | UNDERFLOOR_HEATING: Underfloor heating | OTHER: Other | UNSURE: Unsure
HEAT_21,Are any other appliances used to heat any other rooms or areas of the home in winter? Please select as many as apply.,multi_choice,HEAT_PUMP: Heat pump | ENCLOSED_WOOD_BURNER: Enclosed wood burner | PELLET_BURNER: Pellet burner | OPEN_FIRE: Open fire | FIXED_ELECTRIC_HEATER: Fixed electric heater | FIXED_GAS_HEATER: Fixed gas heater | PORTABLE_ELECTRIC_HEATER: Portable electric heater | PORTABLE_GAS_HEATER: Portable gas heater | CENTRAL_HEATING: Central heating | DUCTED_HEAT_PUMP: Ducted heat pump | UNDERFLOOR_HEATING: Underfloor heating | OTHER: Other | UNSURE: Unsure
HEAT_22,Do you use or do any of these things to help keep warm in your home in Winter? Please select all that apply.,multi_choice,ELECTRIC_HEATED_BLANKETS: Electric/heated blanket(s) | HOT_WATER_BOTTLES: Hot water bottle(s) | EXTRA_BLANKETS_DUVET: Extra blanket(s)/ winter duvet | EXTRA_LAYERS: Extra layers (clothes/slippers) | CLOSE_CURTAINS: Close curtains | DRAFT_STOPPERS: Use draft stoppers | BUBBLE_WRAP_WINDOW_INSULATION: Bubble wrap/ insulation on windows | HOT_SHOWER_BATH: Have a hot shower/ bath | GO_TO_BED_EARLIER: Go to bed earlier | SLEEP_IN_ONE_ROOM: Sleep in one room | CLOSE_OFF_ROOMS: Close off/ don't use some rooms | OTHER: Other | NONE: None of these things
OA_30,Which of these do you ever use at this property? Please select all that apply.,multi_choice,"AIR_CONDITIONING: Air conditioning (including heat pump cooling) | DEHUMIDIFIER: Dehumidifier | MECHANICAL_VENTILATION_HRV_DVS: Mechanical ventilation system (e.g., HRV/DVS) | NONE: None of these"
OA_24A,Do you have a clothes dryer at this property? Please select one option.,single_choice,YES_VENTED_TUMBLE_ELECTRIC: Yes - vented/tumble dryer (electric) | YES_CONDENSER_ELECTRIC: Yes - condenser dryer (electric) | YES_HEAT_PUMP_DRYER: Yes - heat pump dryer | NO: No | UNSURE: Unsure
OA_24B,How often is the dryer used in a typical week? Please select one option.,single_choice,DAILY_OR_ALMOST_DAILY: Daily or almost daily | THREE_TO_FIVE_PER_WEEK: 3-5 times per week | ONE_TO_TWO_PER_WEEK: 1-2 times per week | LESS_THAN_WEEKLY: Less than weekly | UNSURE: Unsure
OA_24C,What type of clothes washing machine is used at this property? Please select one option.,single_choice,FRONT_LOADER: Front loader | TOP_LOADER: Top loader | NO_WASHING_MACHINE: No washing machine at this property | UNSURE: Unsure
OA_24D,How often are washing loads run in a typical week? Please select one option.,single_choice,DAILY_OR_ALMOST_DAILY: Daily or almost daily | THREE_TO_FIVE_LOADS_PER_WEEK: 3-5 loads per week | ONE_TO_TWO_LOADS_PER_WEEK: 1-2 loads per week | LESS_THAN_WEEKLY: Less than weekly | UNSURE: Unsure
OA_27,What type of cooktop do you mainly use? Please select one option.,single_choice,ELECTRIC_INDUCTION: Electric induction | ELECTRIC_COIL_OR_CERAMIC: Electric (coil or ceramic) | PIPED_GAS: Piped gas | BOTTLED_GAS_LPG: Bottled gas (LPG) | OTHER_OR_UNSURE: Other / Unsure
OA_28,Do you ever use a dishwasher? Please select one option.,single_choice,EVERY_DAY: Every day | MOST_DAYS: Most days | SOME_DAYS: Some days | RARELY: Rarely | NEVER: Never
OA_29,Which of these additional refrigeration appliances do you have? Please select all that apply.,multi_choice,SECOND_FRIDGE: Second fridge | CHEST_FREEZER: Chest freezer | UPRIGHT_FREEZER: Upright freezer | BAR_FRIDGE: Bar fridge | WINE_FRIDGE: Wine fridge | OTHER: Other | NONE: None of these
SOLAR_31,Which of the following energy technologies are installed at this property? Select all that apply.,multi_choice,SOLAR_PV: Solar PV | SOLAR_HOT_WATER_THERMAL: Solar hot water (thermal) | BATTERY_STORAGE: Battery storage | EV_CHARGER_SMART: EV charger (controlled/smart) | CONTROLLED_HOT_WATER_DIVERTER_LINKED_TO_PV: Controlled hot water diverter linked to PV | OTHER_CONTROLLED_LOAD_LINKED_TO_PV: Other controlled load linked to PV | NONE_OF_ABOVE: None of the above
SOLAR_32,Inverter make/model.,free_text,
SOLAR_33,System size and export limit (kW).,numeric,TOTAL_PANEL_CAPACITY_KW: Total panel capacity (kW) | INVERTER_CAPACITY_KW: Inverter capacity (kW) | EXPORT_LIMIT_KW: Export limit (kW)
SOLAR_34,Year installed (date or year).,free_text,
BATT_35,Battery make/model.,free_text,
BATT_36,Battery operating mode. Please select one option.,single_choice,SELF_CONSUMPTION_ONLY: Self-consumption only | TIME_OF_USE_ARBITRAGE: Time-of-use / arbitrage | VIRTUAL_POWER_PLANT_VPP: Virtual power plant (VPP) | GRID_BACKUP_ONLY: Grid backup only | UNKNOWN: Unknown
BATT_37,Battery size.,numeric,USABLE_CAPACITY_KWH: Usable capacity (kWh)
SOLAR_38,Which loads are controlled or automated as part of your energy system?,multi_choice,HOT_WATER: Hot water | SPACE_HEATING_COOLING: Space heating/cooling | EV_CHARGING: EV charging | DISHWASHER: Dishwasher | WASHING_MACHINE: Washing machine | POOL_OR_SPA: Pool or spa | OTHER: Other | NONE: None of these
VEH_01,How many vehicles are usually kept at this property? Please select one option.,single_choice,ZERO: 0 | ONE: 1 | TWO: 2 | THREE_PLUS: 3 or more | UNSURE: Unsure
VEH_02,What is the primary vehicle type at this property? Please select one option.,single_choice,PETROL: Petrol | DIESEL: Diesel | HYBRID: Hybrid | PLUG_IN_HYBRID: Plug-in hybrid | ELECTRIC: Electric | NO_VEHICLE: No vehicle | UNSURE: Unsure
VEH_03,What size is the primary vehicle? Please select one option.,single_choice,SMALL: Small | MEDIUM: Medium | LARGE: Large | UNSURE: Unsure
VEH_04,Roughly how many kilometres does the primary vehicle travel per week? Please select one option.,single_choice,KM_50_OR_LESS: 50 or less | KM_100: 100 | KM_200: 200 | KM_300: 300 | KM_400_OR_MORE: 400 or more | UNSURE: Unsure
VEH_05,Is there off-street parking suitable for charging? Please select one option.,single_choice,YES: Yes | NO: No | SOMETIMES: Sometimes | UNSURE: Unsure
VEH_06,Where is the vehicle usually charged? Please select all that apply.,multi_choice,HOME: Home | WORK: Work | PUBLIC_FAST: Public fast charging | PUBLIC_SLOW: Public slow charging | OTHER: Other | NOT_APPLICABLE_NOT_EV_PHEV: Not applicable (primary vehicle is not electric or plug-in hybrid) | UNSURE: Unsure
VEH_08,What type of charging setup is used at home? Please select one option.,single_choice,WALL_CHARGER: Wall charger | STANDARD_PLUG: Standard plug | NOT_APPLICABLE_NO_HOME_CHARGING: Not applicable (no home charging) | UNSURE: Unsure
VEH_07,What is the most likely replacement vehicle type in the next 1-3 years? Please select one option.,single_choice,PETROL: Petrol | DIESEL: Diesel | HYBRID: Hybrid | PLUG_IN_HYBRID: Plug-in hybrid | ELECTRIC: Electric | NOT_PLANNING: Not planning to replace | UNSURE: Unsure
VEH_09,"For properties with multiple vehicles, does another regularly used vehicle have a meaningfully different type, size, or weekly distance profile? Please select one option.",single_choice,YES: Yes | NO: No | NOT_APPLICABLE_ONE_OR_NO_VEHICLE: Not applicable (one or no vehicle) | UNSURE: Unsure
VEH_10,"Describe the additional vehicle profile (type, size, and approximate km per week).",free_text,
APPL_39,Have any of the appliances or energy technologies discussed in this survey changed in the past two years? Please select one option.,single_choice,YES: Yes | NO: No
APPL_40,"Describe the appliance or energy-technology changes (before, after, and when the change happened).",free_text,
